RunID,Lg_nm,Wns_nm,Tns_nm,Weff_um,Vth_lin_V,Vth_sat_V,SS_mVdec,DIBL_mV_V,Ion_mA_um,Ioff_pA_um,logIoff,gm_max_mS_um,gds_mS_um,Cgg_fF_um,Pleak_pW_um,tau_int_ps,logIonIoff,convergence_flag,Ion_total_mA,Ron_Ohm_um,Reff_Ohm_um,Ron_cell_kOhm,tau_RC_ps,tau_FO4_ps,fT_GHz,PDP_fJ_um,EDP_fJ_ps_um,Av_gain_dB
G_L10_W15_T03,10.0,15.0,3.0,0.108,0.2691,0.2635,62.51,9.42,0.776,758.13,2.88,2.151,0.108,1.2,530.691,1.082,6.01,PASS,0.0838,902.06,451.03,8.353,0.541,3.787,285.29,0.588,0.6362,25.98
G_L10_W15_T04,10.0,15.0,4.0,0.114,0.2483,0.2325,64.71,26.22,0.89,3431.431,3.535,2.378,0.119,1.2,2402.002,0.943,5.41,PASS,0.1015,786.52,393.26,6.897,0.4715,3.3,315.39,0.588,0.5545,26.01
G_L10_W15_T05,10.0,15.0,5.0,0.12,0.2368,0.2081,67.16,47.89,0.966,11921.433,4.076,2.566,0.128,1.2,8345.003,0.869,4.91,PASS,0.1159,724.64,362.32,6.04,0.4345,3.042,340.33,0.588,0.511,26.04
G_L10_W15_T06,10.0,15.0,6.0,0.126,0.2313,0.1855,70.55,76.22,1.03,36750.622,4.565,2.736,0.137,1.2,25725.436,0.816,4.45,PASS,0.1298,679.61,339.8,5.393,0.408,2.856,362.87,0.588,0.4798,26.01
G_L10_W15_T07,10.0,15.0,7.0,0.132,0.2279,0.1623,75.17,109.3,1.081,107998.791,5.033,2.864,0.143,1.2,75599.153,0.777,4.0,PASS,0.1427,647.55,323.77,4.905,0.3885,2.72,379.85,0.588,0.4569,26.03
G_L10_W15_T08,10.0,15.0,8.0,0.138,0.2259,0.1384,81.11,145.88,1.127,295865.401,5.471,2.969,0.148,1.2,207105.78,0.745,3.58,PASS,0.1555,621.12,310.56,4.502,0.3725,2.608,393.78,0.588,0.4381,26.05
G_L10_W18_T03,10.0,18.0,3.0,0.126,0.2685,0.2617,62.55,11.23,0.799,822.322,2.915,2.205,0.11,1.2,575.625,1.052,5.99,PASS,0.1007,876.1,438.05,6.951,0.526,3.682,292.45,0.588,0.6186,26.04
G_L10_W18_T04,10.0,18.0,4.0,0.132,0.2461,0.2296,64.84,27.37,0.913,3921.567,3.593,2.424,0.121,1.2,2745.097,0.92,5.37,PASS,0.1205,766.7,383.35,5.809,0.46,3.22,321.49,0.588,0.541,26.03
G_L10_W18_T05,10.0,18.0,5.0,0.138,0.2346,0.2038,67.48,51.33,0.995,14269.347,4.154,2.63,0.131,1.2,9988.543,0.844,4.84,PASS,0.1373,703.52,351.76,5.098,0.422,2.954,348.81,0.588,0.4963,26.05
G_L10_W18_T06,10.0,18.0,6.0,0.144,0.2287,0.1799,71.21,81.39,1.061,46892.222,4.671,2.808,0.14,1.2,32824.555,0.792,4.35,PASS,0.1528,659.75,329.88,4.581,0.396,2.772,372.42,0.588,0.4657,26.05
G_L10_W18_T07,10.0,18.0,7.0,0.15,0.2253,0.1535,76.58,119.6,1.115,151143.095,5.179,2.939,0.147,1.2,105800.167,0.753,3.87,PASS,0.1672,627.8,313.9,4.187,0.3765,2.636,389.8,0.588,0.4428,26.02
G_L10_W18_T08,10.0,18.0,8.0,0.156,0.2233,0.1258,83.45,162.57,1.164,454211.831,5.657,3.048,0.152,1.2,317948.282,0.721,3.41,PASS,0.1816,601.37,300.68,3.855,0.3605,2.524,404.25,0.588,0.4239,26.04
G_L10_W20_T03,10.0,20.0,3.0,0.138,0.267,0.2607,62.58,10.59,0.806,860.14,2.935,2.215,0.111,1.2,602.098,1.042,5.97,PASS,0.1112,868.49,434.24,6.295,0.521,3.647,293.77,0.588,0.6127,26.0
G_L10_W20_T04,10.0,20.0,4.0,0.144,0.2457,0.2282,64.92,29.19,0.928,4145.024,3.618,2.453,0.123,1.2,2901.517,0.905,5.35,PASS,0.1336,754.31,377.16,5.24,0.4525,3.168,325.34,0.588,0.5321,26.0
G_L10_W20_T05,10.0,20.0,5.0,0.15,0.234,0.202,67.64,53.34,1.013,15402.309,4.188,2.663,0.133,1.2,10781.616,0.829,4.82,PASS,0.1519,691.02,345.51,4.608,0.4145,2.902,353.19,0.588,0.4875,26.03
G_L10_W20_T06,10.0,20.0,6.0,0.156,0.228,0.1768,71.48,85.33,1.08,52574.014,4.721,2.845,0.142,1.2,36801.81,0.778,4.31,PASS,0.1685,648.15,324.08,4.154,0.389,2.723,377.33,0.588,0.4575,26.04
G_L10_W20_T07,10.0,20.0,7.0,0.162,0.2245,0.1498,77.12,124.49,1.136,174332.976,5.241,2.98,0.149,1.2,122033.083,0.739,3.81,PASS,0.184,616.2,308.1,3.804,0.3695,2.586,395.23,0.588,0.4345,26.02
G_L10_W20_T08,10.0,20.0,8.0,0.168,0.2226,0.1202,84.45,170.57,1.187,547050.303,5.738,3.09,0.155,1.2,382935.212,0.707,3.34,PASS,0.1994,589.72,294.86,3.511,0.3535,2.474,409.82,0.588,0.4157,25.99
G_L10_W22_T03,10.0,22.0,3.0,0.15,0.2662,0.2598,62.57,10.68,0.814,895.093,2.952,2.229,0.111,1.2,626.565,1.032,5.96,PASS,0.1221,859.95,429.98,5.733,0.516,3.612,295.63,0.588,0.6068,26.06
G_L10_W22_T04,10.0,22.0,4.0,0.156,0.2445,0.2268,64.92,29.53,0.937,4369.201,3.64,2.472,0.124,1.2,3058.44,0.897,5.33,PASS,0.1462,747.07,373.54,4.788,0.4485,3.14,327.86,0.588,0.5274,25.99
G_L10_W22_T05,10.0,22.0,5.0,0.162,0.2329,0.2004,67.7,54.1,1.024,16506.628,4.218,2.688,0.134,1.2,11554.64,0.82,4.79,PASS,0.1659,683.59,341.8,4.219,0.41,2.87,356.51,0.588,0.4822,26.05
G_L10_W22_T06,10.0,22.0,6.0,0.168,0.2266,0.1743,71.73,87.17,1.093,57677.447,4.761,2.872,0.144,1.2,40374.213,0.769,4.28,PASS,0.1836,640.44,320.22,3.813,0.3845,2.692,380.91,0.588,0.4522,26.0
G_L10_W22_T07,10.0,22.0,7.0,0.174,0.2229,0.146,77.49,128.17,1.15,196922.594,5.294,3.01,0.151,1.2,137845.816,0.731,3.77,PASS,0.2001,608.7,304.35,3.498,0.3655,2.558,399.21,0.588,0.4298,25.99
G_L10_W22_T08,10.0,22.0,8.0,0.18,0.2209,0.115,85.04,176.52,1.202,634407.133,5.802,3.121,0.156,1.2,444084.993,0.699,3.28,PASS,0.2164,582.36,291.18,3.235,0.3495,2.446,413.94,0.588,0.411,26.02
G_L10_W25_T03,10.0,25.0,3.0,0.168,0.2657,0.2587,62.6,11.66,0.825,930.764,2.969,2.254,0.113,1.2,651.535,1.019,5.95,PASS,0.1386,848.48,424.24,5.051,0.5095,3.566,298.95,0.588,0.5992,26.0
G_L10_W25_T04,10.0,25.0,4.0,0.174,0.2436,0.2253,64.98,30.43,0.95,4619.543,3.665,2.502,0.125,1.2,3233.68,0.884,5.31,PASS,0.1653,736.84,368.42,4.235,0.442,3.094,331.84,0.588,0.5198,26.03
G_L10_W25_T05,10.0,25.0,5.0,0.18,0.2315,0.1984,67.82,55.26,1.038,17810.598,4.251,2.719,0.136,1.2,12467.418,0.809,4.77,PASS,0.1868,674.37,337.18,3.747,0.4045,2.832,360.62,0.588,0.4757,26.02
G_L10_W25_T06,10.0,25.0,6.0,0.186,0.225,0.1717,71.89,88.88,1.109,63796.59,4.805,2.907,0.145,1.2,44657.613,0.758,4.24,PASS,0.2063,631.2,315.6,3.393,0.379,2.653,385.55,0.588,0.4457,26.04
G_L10_W25_T07,10.0,25.0,7.0,0.192,0.2211,0.1421,77.87,131.7,1.168,224411.891,5.351,3.046,0.152,1.2,157088.324,0.719,3.72,PASS,0.2243,599.32,299.66,3.121,0.3595,2.516,403.99,0.588,0.4228,26.04
G_L10_W25_T08,10.0,25.0,8.0,0.198,0.219,0.1095,85.88,182.52,1.222,751879.862,5.876,3.157,0.158,1.2,526315.904,0.688,3.21,PASS,0.242,572.83,286.42,2.893,0.344,2.408,418.71,0.588,0.4045,26.01
G_L10_W30_T03,10.0,30.0,3.0,0.198,0.2648,0.2573,62.59,12.51,0.837,977.906,2.99,2.28,0.114,1.2,684.534,1.003,5.93,PASS,0.1657,836.32,418.16,4.225,0.5015,3.51,302.39,0.588,0.5898,26.02
G_L10_W30_T04,10.0,30.0,4.0,0.204,0.2424,0.2236,65.0,31.24,0.967,4940.289,3.694,2.535,0.127,1.2,3458.203,0.868,5.29,PASS,0.1973,723.89,361.94,3.548,0.434,3.038,336.21,0.588,0.5104,26.0
G_L10_W30_T05,10.0,30.0,5.0,0.21,0.2305,0.1959,67.9,57.62,1.062,19434.621,4.289,2.764,0.138,1.2,13604.234,0.791,4.74,PASS,0.223,659.13,329.56,3.139,0.3955,2.768,366.59,0.588,0.4651,26.03
G_L10_W30_T06,10.0,30.0,6.0,0.216,0.2236,0.1683,72.08,92.27,1.134,72139.406,4.858,2.959,0.148,1.2,50497.584,0.741,4.2,PASS,0.2449,617.28,308.64,2.858,0.3705,2.594,392.45,0.588,0.4357,26.02
G_L10_W30_T07,10.0,30.0,7.0,0.222,0.2195,0.1371,78.26,137.24,1.195,262808.943,5.42,3.099,0.155,1.2,183966.26,0.703,3.66,PASS,0.2653,585.77,292.88,2.639,0.3515,2.46,411.02,0.588,0.4134,26.02
G_L10_W30_T08,10.0,30.0,8.0,0.228,0.2172,0.1024,86.45,191.42,1.251,908567.535,5.958,3.212,0.161,1.2,635997.274,0.671,3.14,PASS,0.2852,559.55,279.77,2.454,0.3355,2.348,426.0,0.588,0.3945,26.0
G_L12_W15_T03,12.0,15.0,3.0,0.108,0.2716,0.2632,61.15,13.93,0.772,482.813,2.684,2.173,0.109,1.44,337.969,1.306,6.2,PASS,0.0834,906.74,453.37,8.393,0.653,4.571,240.17,0.7056,0.9215,25.99
G_L12_W15_T04,12.0,15.0,4.0,0.114,0.2504,0.2352,62.49,25.3,0.881,1742.118,3.241,2.378,0.119,1.44,1219.482,1.144,5.7,PASS,0.1004,794.55,397.28,6.972,0.572,4.004,262.83,0.7056,0.8072,26.01
G_L12_W15_T05,12.0,15.0,5.0,0.12,0.2391,0.2148,64.42,40.48,0.954,4936.93,3.693,2.548,0.127,1.44,3455.851,1.056,5.29,PASS,0.1145,733.75,366.88,6.114,0.528,3.696,281.62,0.7056,0.7451,26.05
G_L12_W15_T06,12.0,15.0,6.0,0.126,0.2334,0.1969,66.79,60.75,1.012,12688.148,4.103,2.702,0.135,1.44,8881.704,0.996,4.9,PASS,0.1275,691.7,345.85,5.49,0.498,3.486,298.64,0.7056,0.7028,26.03
G_L12_W15_T07,12.0,15.0,7.0,0.132,0.2302,0.1796,69.77,84.46,1.063,31540.292,4.499,2.832,0.142,1.44,22078.204,0.949,4.53,PASS,0.1403,658.51,329.26,4.989,0.4745,3.322,313.0,0.7056,0.6696,26.0
G_L12_W15_T08,12.0,15.0,8.0,0.138,0.2286,0.1614,73.38,111.95,1.106,75902.996,4.88,2.941,0.147,1.44,53132.097,0.912,4.16,PASS,0.1526,632.91,316.46,4.587,0.456,3.192,325.05,0.7056,0.6435,26.02
G_L12_W18_T03,12.0,18.0,3.0,0.126,0.2709,0.2615,61.18,15.68,0.796,518.789,2.715,2.235,0.112,1.44,363.152,1.267,6.19,PASS,0.1003,879.4,439.7,6.979,0.6335,4.434,247.02,0.7056,0.894,26.0
G_L12_W18_T04,12.0,18.0,4.0,0.132,0.2483,0.2326,62.58,26.25,0.905,1954.377,3.291,2.428,0.121,1.44,1368.064,1.114,5.67,PASS,0.1195,773.48,386.74,5.858,0.557,3.899,268.35,0.7056,0.786,26.05
G_L12_W18_T05,12.0,18.0,5.0,0.138,0.237,0.2115,64.66,42.47,0.982,5741.539,3.759,2.612,0.131,1.44,4019.077,1.027,5.23,PASS,0.1355,712.83,356.42,5.166,0.5135,3.594,288.69,0.7056,0.7247,25.99
G_L12_W18_T06,12.0,18.0,6.0,0.144,0.2311,0.1922,67.25,64.71,1.043,15657.529,4.195,2.772,0.139,1.44,10960.271,0.967,4.82,PASS,0.1502,671.14,335.57,4.66,0.4835,3.384,306.37,0.7056,0.6823,26.0
G_L12_W18_T07,12.0,18.0,7.0,0.15,0.2279,0.1727,70.66,91.89,1.095,42123.67,4.625,2.907,0.145,1.44,29486.569,0.92,4.41,PASS,0.1642,639.27,319.64,4.263,0.46,3.22,321.29,0.7056,0.6492,26.04
G_L12_W18_T08,12.0,18.0,8.0,0.156,0.2263,0.1522,75.0,123.46,1.142,110752.847,5.044,3.022,0.151,1.44,77526.993,0.883,4.01,PASS,0.1782,612.96,306.48,3.928,0.4415,3.09,334.0,0.7056,0.623,26.03
G_L12_W20_T03,12.0,20.0,3.0,0.138,0.2697,0.2605,61.2,15.17,0.804,540.7,2.733,2.247,0.112,1.44,378.49,1.254,6.17,PASS,0.111,870.65,435.32,6.306,0.627,4.389,248.35,0.7056,0.8848,26.05
G_L12_W20_T04,12.0,20.0,4.0,0.144,0.248,0.2315,62.63,27.38,0.92,2051.094,3.312,2.459,0.123,1.44,1435.766,1.095,5.65,PASS,0.1325,760.87,380.44,5.283,0.5475,3.832,271.78,0.7056,0.7726,26.02
G_L12_W20_T05,12.0,20.0,5.0,0.15,0.2365,0.2102,64.72,43.96,1.0,6128.927,3.787,2.648,0.132,1.44,4290.249,1.008,5.21,PASS,0.15,700.0,350.0,4.667,0.504,3.528,292.67,0.7056,0.7112,26.05
G_L12_W20_T06,12.0,20.0,6.0,0.156,0.2304,0.1902,67.45,67.06,1.062,17278.344,4.238,2.811,0.141,1.44,12094.841,0.95,4.79,PASS,0.1657,659.13,329.56,4.225,0.475,3.325,310.68,0.7056,0.6703,25.99
G_L12_W20_T07,12.0,20.0,7.0,0.162,0.2272,0.1698,71.03,95.62,1.116,48109.911,4.682,2.948,0.147,1.44,33676.937,0.903,4.37,PASS,0.1808,627.24,313.62,3.872,0.4515,3.16,325.83,0.7056,0.6372,26.04
G_L12_W20_T08,12.0,20.0,8.0,0.168,0.2252,0.1476,75.67,129.39,1.161,132543.595,5.122,3.063,0.153,1.44,92780.517,0.868,3.94,PASS,0.195,602.93,301.46,3.59,0.434,3.038,338.54,0.7056,0.6125,26.03
G_L12_W22_T03,12.0,22.0,3.0,0.15,0.2688,0.2596,61.2,15.27,0.812,560.441,2.749,2.266,0.113,1.44,392.309,1.241,6.16,PASS,0.1218,862.07,431.04,5.747,0.6205,4.344,250.45,0.7056,0.8756,26.04
G_L12_W22_T04,12.0,22.0,4.0,0.156,0.2469,0.2305,62.67,27.32,0.93,2144.964,3.331,2.482,0.124,1.44,1501.475,1.084,5.64,PASS,0.1451,752.69,376.34,4.824,0.542,3.794,274.32,0.7056,0.7649,26.03
G_L12_W22_T05,12.0,22.0,5.0,0.162,0.2355,0.2086,64.81,44.82,1.012,6496.023,3.813,2.675,0.134,1.44,4547.216,0.996,5.19,PASS,0.1639,691.7,345.85,4.271,0.498,3.486,295.65,0.7056,0.7028,26.0
G_L12_W22_T06,12.0,22.0,6.0,0.168,0.2293,0.1882,67.61,68.6,1.076,18645.75,4.271,2.84,0.142,1.44,13052.025,0.937,4.76,PASS,0.1808,650.56,325.28,3.872,0.4685,3.28,313.89,0.7056,0.6611,26.02
G_L12_W22_T07,12.0,22.0,7.0,0.174,0.226,0.1669,71.36,98.4,1.131,53515.961,4.728,2.98,0.149,1.44,37461.172,0.891,4.32,PASS,0.1968,618.92,309.46,3.557,0.4455,3.118,329.36,0.7056,0.6287,26.02
G_L12_W22_T08,12.0,22.0,8.0,0.18,0.2243,0.1439,76.17,134.03,1.18,151914.519,5.182,3.099,0.155,1.44,106340.164,0.855,3.89,PASS,0.2124,593.22,296.61,3.296,0.4275,2.992,342.51,0.7056,0.6033,26.02
G_L12_W25_T03,12.0,25.0,3.0,0.168,0.2681,0.2586,61.21,15.83,0.823,581.366,2.764,2.29,0.115,1.44,406.956,1.225,6.15,PASS,0.1383,850.55,425.28,5.061,0.6125,4.288,253.1,0.7056,0.8644,25.98
G_L12_W25_T04,12.0,25.0,4.0,0.174,0.2458,0.2292,62.69,27.55,0.942,2261.646,3.354,2.506,0.125,1.44,1583.152,1.07,5.62,PASS,0.1639,743.1,371.55,4.271,0.535,3.745,276.97,0.7056,0.755,26.04
G_L12_W25_T05,12.0,25.0,5.0,0.18,0.2343,0.2069,64.84,45.66,1.026,6930.394,3.841,2.704,0.135,1.44,4851.276,0.982,5.17,PASS,0.1847,682.26,341.13,3.79,0.491,3.437,298.86,0.7056,0.6929,26.03
G_L12_W25_T06,12.0,25.0,6.0,0.186,0.2276,0.1857,67.76,69.94,1.09,20550.517,4.313,2.87,0.144,1.44,14385.362,0.925,4.72,PASS,0.2027,642.2,321.1,3.453,0.4625,3.238,317.2,0.7056,0.6527,25.99
G_L12_W25_T07,12.0,25.0,7.0,0.192,0.2241,0.1636,71.64,100.84,1.146,60871.743,4.784,3.012,0.151,1.44,42610.22,0.88,4.27,PASS,0.22,610.82,305.41,3.182,0.44,3.08,332.9,0.7056,0.6209,26.0
G_L12_W25_T08,12.0,25.0,8.0,0.198,0.2223,0.1395,76.74,138.01,1.196,179270.105,5.254,3.131,0.157,1.44,125489.073,0.843,3.82,PASS,0.2368,585.28,292.64,2.956,0.4215,2.95,346.05,0.7056,0.5948,26.0
G_L12_W30_T03,12.0,30.0,3.0,0.198,0.2671,0.2573,61.22,16.31,0.836,608.499,2.784,2.32,0.116,1.44,425.949,1.206,6.14,PASS,0.1655,837.32,418.66,4.23,0.603,4.221,256.42,0.7056,0.851,26.02
G_L12_W30_T04,12.0,30.0,4.0,0.204,0.2448,0.2276,62.74,28.61,0.96,2398.116,3.38,2.543,0.127,1.44,1678.681,1.05,5.6,PASS,0.1958,729.17,364.58,3.575,0.525,3.675,281.06,0.7056,0.7409,26.03
G_L12_W30_T05,12.0,30.0,5.0,0.21,0.2329,0.2046,64.98,47.09,1.046,7601.224,3.881,2.745,0.137,1.44,5320.856,0.964,5.14,PASS,0.2197,669.22,334.61,3.186,0.482,3.374,303.39,0.7056,0.6802,26.04
G_L12_W30_T06,12.0,30.0,6.0,0.216,0.2264,0.183,67.96,72.31,1.114,22885.743,4.36,2.922,0.146,1.44,16020.02,0.905,4.69,PASS,0.2406,628.37,314.18,2.909,0.4525,3.168,322.95,0.7056,0.6386,26.03
G_L12_W30_T07,12.0,30.0,7.0,0.222,0.2226,0.16,71.94,104.37,1.172,70147.714,4.846,3.066,0.153,1.44,49103.4,0.86,4.22,PASS,0.2602,597.27,298.64,2.69,0.43,3.01,338.87,0.7056,0.6068,26.04
G_L12_W30_T08,12.0,30.0,8.0,0.228,0.2207,0.1338,77.25,144.74,1.225,214902.691,5.332,3.187,0.159,1.44,150431.884,0.823,3.76,PASS,0.2793,571.43,285.71,2.506,0.4115,2.88,352.24,0.7056,0.5807,26.04
G_L14_W15_T03,14.0,15.0,3.0,0.108,0.2718,0.2622,60.49,16.12,0.759,377.235,2.577,2.144,0.107,1.68,264.065,1.55,6.3,PASS,0.082,922.27,461.14,8.537,0.775,5.425,203.11,0.8232,1.276,26.04
G_L14_W15_T04,14.0,15.0,4.0,0.114,0.2511,0.2353,61.23,26.19,0.862,1183.434,3.073,2.335,0.117,1.68,828.403,1.364,5.86,PASS,0.0983,812.06,406.03,7.121,0.682,4.774,221.21,0.8232,1.1228,26.0
G_L14_W15_T05,14.0,15.0,5.0,0.12,0.2409,0.2184,62.3,37.62,0.931,2693.242,3.43,2.502,0.125,1.68,1885.269,1.263,5.54,PASS,0.1117,751.88,375.94,6.267,0.6315,4.42,237.03,0.8232,1.0397,26.03
G_L14_W15_T06,14.0,15.0,6.0,0.126,0.2356,0.2042,63.74,52.36,0.985,5561.112,3.745,2.648,0.132,1.68,3892.779,1.194,5.25,PASS,0.1241,710.66,355.33,5.641,0.597,4.179,250.86,0.8232,0.9829,26.05
G_L14_W15_T07,14.0,15.0,7.0,0.132,0.2332,0.1916,65.54,69.29,1.03,11034.125,4.043,2.772,0.139,1.68,7723.888,1.141,4.97,PASS,0.136,679.61,339.8,5.147,0.5705,3.994,262.61,0.8232,0.9393,26.0
G_L14_W15_T08,14.0,15.0,8.0,0.138,0.2318,0.1792,67.73,87.56,1.069,21432.538,4.331,2.876,0.144,1.68,15002.777,1.101,4.7,PASS,0.1475,654.82,327.41,4.746,0.5505,3.854,272.46,0.8232,0.9063,26.01
G_L14_W18_T03,14.0,18.0,3.0,0.126,0.2712,0.2606,60.49,17.73,0.783,403.51,2.606,2.206,0.11,1.68,282.457,1.503,6.29,PASS,0.0987,894.0,447.0,7.092,0.7515,5.26,208.99,0.8232,1.2373,26.04
G_L14_W18_T04,14.0,18.0,4.0,0.132,0.2494,0.2331,61.29,27.18,0.887,1302.615,3.115,2.39,0.119,1.68,911.831,1.326,5.83,PASS,0.1171,789.18,394.59,5.978,0.663,4.641,226.42,0.8232,1.0916,26.06
G_L14_W18_T05,14.0,18.0,5.0,0.138,0.2391,0.2153,62.43,39.7,0.96,3057.665,3.485,2.567,0.128,1.68,2140.366,1.225,5.5,PASS,0.1325,729.17,364.58,5.283,0.6125,4.288,243.18,0.8232,1.0084,26.04
G_L14_W18_T06,14.0,18.0,6.0,0.144,0.2334,0.2006,64.04,54.73,1.014,6639.476,3.822,2.716,0.136,1.68,4647.633,1.16,5.18,PASS,0.146,690.34,345.17,4.795,0.58,4.06,257.3,0.8232,0.9549,26.01
G_L14_W18_T07,14.0,18.0,7.0,0.15,0.231,0.1864,66.11,74.33,1.061,13969.946,4.145,2.844,0.142,1.68,9778.962,1.109,4.88,PASS,0.1591,659.75,329.88,4.4,0.5545,3.882,269.43,0.8232,0.9129,26.03
G_L14_W18_T08,14.0,18.0,8.0,0.156,0.2297,0.1724,68.71,95.59,1.101,29262.744,4.466,2.953,0.148,1.68,20483.921,1.068,4.58,PASS,0.1718,635.79,317.9,4.075,0.534,3.738,279.75,0.8232,0.8792,26.0
G_L14_W20_T03,14.0,20.0,3.0,0.138,0.2699,0.2595,60.5,17.25,0.79,419.852,2.623,2.216,0.111,1.68,293.897,1.489,6.27,PASS,0.109,886.08,443.04,6.422,0.7445,5.212,209.93,0.8232,1.2257,26.0
G_L14_W20_T04,14.0,20.0,4.0,0.144,0.249,0.2321,61.31,28.22,0.902,1360.397,3.134,2.421,0.121,1.68,952.278,1.303,5.82,PASS,0.1299,776.05,388.02,5.389,0.6515,4.56,229.35,0.8232,1.0726,26.02
G_L14_W20_T05,14.0,20.0,5.0,0.15,0.2385,0.2139,62.51,41.0,0.976,3243.613,3.511,2.6,0.13,1.68,2270.529,1.205,5.48,PASS,0.1464,717.21,358.6,4.781,0.6025,4.218,246.31,0.8232,0.992,26.02
G_L14_W20_T06,14.0,20.0,6.0,0.156,0.233,0.1988,64.18,56.93,1.033,7182.271,3.856,2.755,0.138,1.68,5027.589,1.139,5.16,PASS,0.1611,677.64,338.82,4.345,0.5695,3.986,261.0,0.8232,0.9376,26.0
G_L14_W20_T07,14.0,20.0,7.0,0.162,0.23,0.184,66.38,76.7,1.077,15566.535,4.192,2.882,0.144,1.68,10896.574,1.091,4.84,PASS,0.1745,649.95,324.98,4.011,0.5455,3.818,273.03,0.8232,0.8981,26.03
G_L14_W20_T08,14.0,20.0,8.0,0.168,0.2288,0.1693,69.14,99.13,1.119,33771.057,4.529,2.993,0.15,1.68,23639.74,1.051,4.52,PASS,0.188,625.56,312.78,3.723,0.5255,3.678,283.54,0.8232,0.8652,26.0
G_L14_W22_T03,14.0,22.0,3.0,0.15,0.269,0.2585,60.51,17.5,0.798,434.492,2.638,2.234,0.112,1.68,304.145,1.473,6.26,PASS,0.1197,877.19,438.6,5.848,0.7365,5.156,211.64,0.8232,1.2126,26.0
G_L14_W22_T04,14.0,22.0,4.0,0.156,0.248,0.2312,61.34,28.01,0.911,1417.634,3.152,2.442,0.122,1.68,992.343,1.29,5.81,PASS,0.1421,768.39,384.2,4.926,0.645,4.515,231.34,0.8232,1.0619,26.03
G_L14_W22_T05,14.0,22.0,5.0,0.162,0.2375,0.2127,62.53,41.34,0.988,3414.036,3.533,2.626,0.131,1.68,2389.826,1.191,5.46,PASS,0.1601,708.5,354.25,4.372,0.5955,4.168,248.77,0.8232,0.9804,26.04
G_L14_W22_T06,14.0,22.0,6.0,0.168,0.2318,0.1971,64.27,57.91,1.045,7687.637,3.886,2.781,0.139,1.68,5381.346,1.125,5.13,PASS,0.1756,669.86,334.93,3.986,0.5625,3.938,263.46,0.8232,0.9261,26.02
G_L14_W22_T07,14.0,22.0,7.0,0.174,0.2292,0.1821,66.56,78.54,1.094,17003.031,4.231,2.914,0.146,1.68,11902.122,1.075,4.81,PASS,0.1904,639.85,319.92,3.676,0.5375,3.762,276.06,0.8232,0.8849,26.0
G_L14_W22_T08,14.0,22.0,8.0,0.18,0.228,0.1664,69.53,102.61,1.137,37997.451,4.58,3.026,0.151,1.68,26598.216,1.035,4.48,PASS,0.2047,615.66,307.83,3.42,0.5175,3.622,286.67,0.8232,0.852,26.04
G_L14_W25_T03,14.0,25.0,3.0,0.168,0.2683,0.2575,60.5,18.04,0.809,449.764,2.653,2.259,0.113,1.68,314.835,1.454,6.25,PASS,0.1359,865.27,432.64,5.151,0.727,5.089,214.01,0.8232,1.1969,26.02
G_L14_W25_T04,14.0,25.0,4.0,0.174,0.2468,0.2301,61.35,27.81,0.923,1487.409,3.172,2.465,0.123,1.68,1041.187,1.274,5.79,PASS,0.1606,758.4,379.2,4.359,0.637,4.459,233.52,0.8232,1.0488,26.04
G_L14_W25_T05,14.0,25.0,5.0,0.18,0.2363,0.2114,62.59,41.52,1.002,3617.309,3.558,2.655,0.133,1.68,2532.116,1.174,5.44,PASS,0.1804,698.6,349.3,3.88,0.587,4.109,251.52,0.8232,0.9664,26.0
G_L14_W25_T06,14.0,25.0,6.0,0.186,0.2302,0.1951,64.39,58.55,1.059,8338.218,3.921,2.81,0.141,1.68,5836.753,1.111,5.1,PASS,0.197,661.0,330.5,3.553,0.5555,3.888,266.21,0.8232,0.9146,25.99
G_L14_W25_T07,14.0,25.0,7.0,0.192,0.2275,0.1797,66.76,79.62,1.108,18933.415,4.277,2.945,0.147,1.68,13253.391,1.062,4.77,PASS,0.2127,631.77,315.88,3.291,0.531,3.717,278.99,0.8232,0.8742,26.04
G_L14_W25_T08,14.0,25.0,8.0,0.198,0.2261,0.163,69.88,105.1,1.151,43622.612,4.64,3.058,0.153,1.68,30535.828,1.022,4.42,PASS,0.2279,608.17,304.08,3.072,0.511,3.577,289.7,0.8232,0.8413,26.01
G_L14_W30_T03,14.0,30.0,3.0,0.198,0.2674,0.2562,60.52,18.58,0.822,469.785,2.672,2.288,0.114,1.68,328.85,1.431,6.24,PASS,0.1628,851.58,425.79,4.3,0.7155,5.008,216.75,0.8232,1.178,26.05
G_L14_W30_T04,14.0,30.0,4.0,0.204,0.2459,0.2286,61.38,28.74,0.941,1569.048,3.196,2.502,0.125,1.68,1098.334,1.25,5.78,PASS,0.192,743.89,371.94,3.646,0.625,4.375,237.03,0.8232,1.029,26.03
G_L14_W30_T05,14.0,30.0,5.0,0.21,0.235,0.2097,62.65,42.11,1.02,3910.801,3.592,2.694,0.135,1.68,2737.561,1.153,5.42,PASS,0.2142,686.27,343.14,3.268,0.5765,4.036,255.22,0.8232,0.9491,26.0
G_L14_W30_T06,14.0,30.0,6.0,0.216,0.229,0.1929,64.51,60.23,1.082,9172.457,3.962,2.86,0.143,1.68,6420.72,1.087,5.07,PASS,0.2337,646.95,323.48,2.995,0.5435,3.804,270.94,0.8232,0.8948,26.02
G_L14_W30_T07,14.0,30.0,7.0,0.222,0.2262,0.1764,67.02,82.9,1.133,21463.49,4.332,2.997,0.15,1.68,15024.443,1.038,4.72,PASS,0.2515,617.83,308.92,2.783,0.519,3.633,283.92,0.8232,0.8545,26.01
G_L14_W30_T08,14.0,30.0,8.0,0.228,0.2247,0.1591,70.27,109.3,1.178,51334.366,4.71,3.113,0.156,1.68,35934.056,0.999,4.36,PASS,0.2686,594.23,297.12,2.606,0.4995,3.496,294.91,0.8232,0.8224,26.0
G_L16_W15_T03,16.0,15.0,3.0,0.108,0.2738,0.261,60.19,21.27,0.75,325.585,2.513,2.14,0.107,1.92,227.909,1.792,6.36,PASS,0.081,933.33,466.66,8.642,0.896,6.272,177.39,0.9408,1.6859,26.02
G_L16_W15_T04,16.0,15.0,4.0,0.114,0.2532,0.2348,60.62,30.76,0.851,937.671,2.972,2.325,0.116,1.92,656.37,1.579,5.96,PASS,0.097,822.56,411.28,7.216,0.7895,5.526,192.73,0.9408,1.4855,26.04
G_L16_W15_T05,16.0,15.0,5.0,0.12,0.2432,0.219,61.34,40.38,0.918,1951.023,3.29,2.483,0.124,1.92,1365.716,1.463,5.67,PASS,0.1102,762.53,381.26,6.352,0.7315,5.12,205.82,0.9408,1.3764,26.03
G_L16_W15_T06,16.0,15.0,6.0,0.126,0.2377,0.2064,62.34,52.23,0.972,3624.095,3.559,2.625,0.131,1.92,2536.866,1.383,5.43,PASS,0.1225,720.16,360.08,5.714,0.6915,4.841,217.59,0.9408,1.3011,26.04
G_L16_W15_T07,16.0,15.0,7.0,0.132,0.2352,0.1953,63.64,66.46,1.014,6496.973,3.813,2.743,0.137,1.92,4547.881,1.325,5.19,PASS,0.1338,690.34,345.17,5.232,0.6625,4.638,227.38,0.9408,1.2466,26.03
G_L16_W15_T08,16.0,15.0,8.0,0.138,0.2336,0.1848,65.25,81.32,1.053,11476.58,4.06,2.846,0.142,1.92,8033.606,1.277,4.96,PASS,0.1453,664.77,332.38,4.818,0.6385,4.47,235.91,0.9408,1.2014,26.04
G_L16_W18_T03,16.0,18.0,3.0,0.126,0.2732,0.2593,60.2,23.06,0.774,347.334,2.541,2.205,0.11,1.92,243.134,1.736,6.35,PASS,0.0975,904.39,452.2,7.179,0.868,6.076,182.78,0.9408,1.6332,26.04
G_L16_W18_T04,16.0,18.0,4.0,0.132,0.2516,0.2326,60.66,31.58,0.875,1025.02,3.011,2.38,0.119,1.92,717.514,1.535,5.93,PASS,0.1155,800.0,400.0,6.061,0.7675,5.372,197.29,0.9408,1.4441,26.02
G_L16_W18_T05,16.0,18.0,5.0,0.138,0.2413,0.2161,61.42,42.08,0.946,2182.227,3.339,2.547,0.127,1.92,1527.559,1.421,5.64,PASS,0.1305,739.96,369.98,5.364,0.7105,4.974,211.13,0.9408,1.3369,26.04
G_L16_W18_T06,16.0,18.0,6.0,0.144,0.2355,0.2029,62.54,54.29,1.0,4234.795,3.627,2.692,0.135,1.92,2964.356,1.344,5.37,PASS,0.144,700.0,350.0,4.861,0.672,4.704,223.15,0.9408,1.2644,25.99
G_L16_W18_T07,16.0,18.0,7.0,0.15,0.233,0.1912,64.03,69.78,1.043,7979.717,3.902,2.813,0.141,1.92,5585.802,1.288,5.12,PASS,0.1564,671.14,335.57,4.476,0.644,4.508,233.18,0.9408,1.2118,26.0
G_L16_W18_T08,16.0,18.0,8.0,0.156,0.2315,0.1794,65.97,86.81,1.083,15089.341,4.179,2.922,0.146,1.92,10562.538,1.241,4.86,PASS,0.1689,646.35,323.18,4.144,0.6205,4.344,242.21,0.9408,1.1675,26.03
G_L16_W20_T03,16.0,20.0,3.0,0.138,0.2718,0.2581,60.19,22.77,0.782,361.107,2.558,2.215,0.111,1.92,252.775,1.72,6.34,PASS,0.1079,895.14,447.57,6.487,0.86,6.02,183.61,0.9408,1.6182,26.0
G_L16_W20_T04,16.0,20.0,4.0,0.144,0.2512,0.2317,60.67,32.49,0.891,1067.723,3.028,2.414,0.121,1.92,747.406,1.509,5.92,PASS,0.1283,785.63,392.82,5.456,0.7545,5.281,200.1,0.9408,1.4197,26.0
G_L16_W20_T05,16.0,20.0,5.0,0.15,0.2408,0.2148,61.47,43.36,0.963,2302.858,3.362,2.583,0.129,1.92,1612.001,1.396,5.62,PASS,0.1444,726.9,363.45,4.848,0.698,4.886,214.11,0.9408,1.3134,26.03
G_L16_W20_T06,16.0,20.0,6.0,0.156,0.2347,0.2015,62.65,55.43,1.016,4548.074,3.658,2.728,0.136,1.92,3183.652,1.323,5.35,PASS,0.1585,688.98,344.49,4.416,0.6615,4.63,226.13,0.9408,1.2447,26.05
G_L16_W20_T07,16.0,20.0,7.0,0.162,0.2321,0.1891,64.22,71.64,1.06,8804.337,3.945,2.851,0.143,1.92,6163.036,1.268,5.08,PASS,0.1717,660.38,330.19,4.077,0.634,4.438,236.33,0.9408,1.1929,25.99
G_L16_W20_T08,16.0,20.0,8.0,0.168,0.2306,0.1764,66.31,90.38,1.102,17184.281,4.235,2.962,0.148,1.92,12028.997,1.22,4.81,PASS,0.1851,635.21,317.6,3.782,0.61,4.27,245.53,0.9408,1.1478,26.03
G_L16_W22_T03,16.0,22.0,3.0,0.15,0.2709,0.2572,60.2,22.85,0.789,373.387,2.572,2.231,0.112,1.92,261.371,1.703,6.33,PASS,0.1184,887.2,443.6,5.912,0.8515,5.961,184.93,0.9408,1.6022,25.99
G_L16_W22_T04,16.0,22.0,4.0,0.156,0.2501,0.2308,60.67,32.15,0.899,1109.773,3.045,2.433,0.122,1.92,776.841,1.495,5.91,PASS,0.1402,778.64,389.32,4.993,0.7475,5.232,201.68,0.9408,1.4065,26.0
G_L16_W22_T05,16.0,22.0,5.0,0.162,0.2399,0.2137,61.49,43.57,0.974,2405.401,3.381,2.609,0.13,1.92,1683.78,1.38,5.61,PASS,0.1578,718.69,359.34,4.436,0.69,4.83,216.27,0.9408,1.2983,26.05
G_L16_W22_T06,16.0,22.0,6.0,0.168,0.2338,0.2002,62.7,56.01,1.03,4832.564,3.684,2.756,0.138,1.92,3382.795,1.305,5.33,PASS,0.173,679.61,339.8,4.046,0.6525,4.568,228.45,0.9408,1.2277,26.01
G_L16_W22_T07,16.0,22.0,7.0,0.174,0.2311,0.1871,64.38,73.31,1.075,9543.106,3.98,2.882,0.144,1.92,6680.174,1.251,5.05,PASS,0.187,651.16,325.58,3.743,0.6255,4.378,238.9,0.9408,1.1769,26.03
G_L16_W22_T08,16.0,22.0,8.0,0.18,0.2296,0.174,66.59,92.68,1.117,19124.993,4.282,2.994,0.15,1.92,13387.495,1.203,4.77,PASS,0.2011,626.68,313.34,3.481,0.6015,4.211,248.18,0.9408,1.1318,26.0
G_L16_W25_T03,16.0,25.0,3.0,0.168,0.2703,0.2562,60.2,23.44,0.8,386.046,2.587,2.259,0.113,1.92,270.232,1.679,6.32,PASS,0.1344,875.0,437.5,5.208,0.8395,5.876,187.26,0.9408,1.5796,26.02
G_L16_W25_T04,16.0,25.0,4.0,0.174,0.249,0.2297,60.7,32.17,0.911,1160.457,3.065,2.458,0.123,1.92,812.32,1.475,5.9,PASS,0.1585,768.39,384.2,4.416,0.7375,5.163,203.75,0.9408,1.3877,26.01
G_L16_W25_T05,16.0,25.0,5.0,0.18,0.2387,0.2124,61.53,43.7,0.988,2544.246,3.406,2.636,0.132,1.92,1780.973,1.361,5.59,PASS,0.1778,708.5,354.25,3.937,0.6805,4.764,218.51,0.9408,1.2804,26.01
G_L16_W25_T06,16.0,25.0,6.0,0.186,0.2325,0.1983,62.81,56.93,1.044,5200.99,3.716,2.786,0.139,1.92,3640.693,1.287,5.3,PASS,0.1942,670.5,335.25,3.605,0.6435,4.504,230.94,0.9408,1.2108,26.04
G_L16_W25_T07,16.0,25.0,7.0,0.192,0.2296,0.1848,64.56,74.7,1.09,10515.792,4.022,2.913,0.146,1.92,7361.054,1.233,5.02,PASS,0.2093,642.2,321.1,3.344,0.6165,4.316,241.47,0.9408,1.16,26.0
G_L16_W25_T08,16.0,25.0,8.0,0.198,0.228,0.1713,66.9,94.65,1.133,21751.309,4.337,3.026,0.151,1.92,15225.916,1.187,4.72,PASS,0.2243,617.83,308.92,3.121,0.5935,4.155,250.83,0.9408,1.1167,26.04
G_L16_W30_T03,16.0,30.0,3.0,0.198,0.2695,0.255,60.19,24.14,0.814,402.735,2.605,2.29,0.114,1.92,281.915,1.652,6.31,PASS,0.1612,859.95,429.98,4.342,0.826,5.782,189.83,0.9408,1.5542,26.06
G_L16_W30_T04,16.0,30.0,4.0,0.204,0.2481,0.2283,60.7,33.05,0.929,1220.221,3.086,2.496,0.125,1.92,854.155,1.446,5.88,PASS,0.1895,753.5,376.75,3.694,0.723,5.061,206.9,0.9408,1.3604,26.01
G_L16_W30_T05,16.0,30.0,5.0,0.21,0.2373,0.2109,61.59,44.07,1.006,2735.609,3.437,2.675,0.134,1.92,1914.926,1.336,5.57,PASS,0.2113,695.83,347.92,3.313,0.668,4.676,221.74,0.9408,1.2569,26.0
G_L16_W30_T06,16.0,30.0,6.0,0.216,0.2313,0.1961,62.89,58.62,1.066,5675.026,3.754,2.835,0.142,1.92,3972.518,1.26,5.27,PASS,0.2303,656.66,328.33,3.04,0.63,4.41,235.0,0.9408,1.1854,26.01
G_L16_W30_T07,16.0,30.0,7.0,0.222,0.2283,0.1823,64.73,76.72,1.115,11756.614,4.07,2.965,0.148,1.92,8229.63,1.206,4.98,PASS,0.2475,627.8,313.9,2.828,0.603,4.221,245.78,0.9408,1.1346,26.04
G_L16_W30_T08,16.0,30.0,8.0,0.228,0.2267,0.1677,67.21,98.31,1.158,25164.56,4.401,3.081,0.154,1.92,17615.192,1.16,4.66,PASS,0.264,604.49,302.24,2.652,0.58,4.06,255.39,0.9408,1.0913,26.02
G_L18_W15_T03,18.0,15.0,3.0,0.108,0.2741,0.2598,60.04,23.72,0.739,292.63,2.466,2.121,0.106,2.16,204.841,2.045,6.4,PASS,0.0798,947.23,473.62,8.772,1.0225,7.158,156.28,1.0584,2.1644,26.02
G_L18_W15_T04,18.0,15.0,4.0,0.114,0.254,0.2341,60.28,33.23,0.837,802.337,2.904,2.305,0.115,2.16,561.636,1.806,6.02,PASS,0.0954,836.32,418.16,7.338,0.903,6.321,169.84,1.0584,1.9115,26.04
G_L18_W15_T05,18.0,15.0,5.0,0.12,0.2443,0.219,60.69,42.28,0.902,1544.693,3.189,2.461,0.123,2.16,1081.285,1.676,5.77,PASS,0.1082,776.05,388.02,6.47,0.838,5.866,181.33,1.0584,1.7739,26.02
G_L18_W15_T06,18.0,15.0,6.0,0.126,0.2393,0.2077,61.32,52.69,0.952,2621.255,3.419,2.596,0.13,2.16,1834.879,1.588,5.56,PASS,0.12,735.29,367.64,5.833,0.794,5.558,191.28,1.0584,1.6807,26.01
G_L18_W15_T07,18.0,15.0,7.0,0.132,0.2368,0.1985,62.12,63.77,0.992,4192.928,3.623,2.708,0.135,2.16,2935.05,1.525,5.37,PASS,0.1309,705.65,352.82,5.348,0.7625,5.337,199.53,1.0584,1.6141,26.05
G_L18_W15_T08,18.0,15.0,8.0,0.138,0.2357,0.1902,63.11,75.83,1.028,6554.704,3.817,2.809,0.14,2.16,4588.292,1.471,5.2,PASS,0.1419,680.93,340.46,4.933,0.7355,5.148,206.98,1.0584,1.5569,26.05
G_L18_W18_T03,18.0,18.0,3.0,0.126,0.2735,0.2579,60.03,25.91,0.763,311.622,2.494,2.187,0.109,2.16,218.135,1.981,6.39,PASS,0.0961,917.43,458.72,7.284,0.9905,6.934,161.14,1.0584,2.0967,26.05
G_L18_W18_T04,18.0,18.0,4.0,0.132,0.2525,0.232,60.29,34.13,0.861,872.819,2.941,2.363,0.118,2.16,610.974,1.755,5.99,PASS,0.1137,813.01,406.5,6.157,0.8775,6.142,174.11,1.0584,1.8575,26.03
G_L18_W18_T05,18.0,18.0,5.0,0.138,0.2426,0.2162,60.74,43.91,0.928,1713.413,3.234,2.524,0.126,2.16,1199.389,1.629,5.73,PASS,0.1281,754.31,377.16,5.464,0.8145,5.702,185.98,1.0584,1.7241,26.03
G_L18_W18_T06,18.0,18.0,6.0,0.144,0.2373,0.2046,61.44,54.6,0.98,2988.244,3.475,2.666,0.133,2.16,2091.771,1.542,5.52,PASS,0.1411,714.29,357.14,4.961,0.771,5.397,196.44,1.0584,1.6321,26.04
G_L18_W18_T07,18.0,18.0,7.0,0.15,0.2348,0.1946,62.4,66.94,1.019,4977.146,3.697,2.779,0.139,2.16,3484.002,1.483,5.31,PASS,0.1528,686.95,343.48,4.581,0.7415,5.19,204.76,1.0584,1.5696,26.02
G_L18_W18_T08,18.0,18.0,8.0,0.156,0.2336,0.1853,63.55,80.55,1.056,8187.261,3.913,2.884,0.144,2.16,5731.083,1.432,5.11,PASS,0.1647,662.88,331.44,4.25,0.716,5.012,212.5,1.0584,1.5156,26.03
G_L18_W20_T03,18.0,20.0,3.0,0.138,0.2723,0.2568,60.03,25.78,0.77,324.045,2.511,2.191,0.11,2.16,226.831,1.964,6.38,PASS,0.1063,909.09,454.54,6.585,0.982,6.874,161.44,1.0584,2.0787,25.98
G_L18_W20_T04,18.0,20.0,4.0,0.144,0.2522,0.2311,60.3,35.26,0.876,907.73,2.958,2.394,0.12,2.16,635.411,1.725,5.98,PASS,0.1261,799.09,399.54,5.551,0.8625,6.038,176.4,1.0584,1.8257,26.0
G_L18_W20_T05,18.0,20.0,5.0,0.15,0.2418,0.2149,60.77,44.78,0.942,1805.704,3.257,2.551,0.128,2.16,1263.993,1.605,5.72,PASS,0.1413,743.1,371.55,4.954,0.8025,5.618,187.96,1.0584,1.6987,25.99
G_L18_W20_T06,18.0,20.0,6.0,0.156,0.2366,0.2031,61.52,55.88,0.995,3191.777,3.504,2.697,0.135,2.16,2234.244,1.519,5.49,PASS,0.1552,703.52,351.76,4.51,0.7595,5.316,198.72,1.0584,1.6077,26.01
G_L18_W20_T07,18.0,20.0,7.0,0.162,0.234,0.1928,62.51,68.73,1.036,5425.671,3.734,2.812,0.141,2.16,3797.97,1.46,5.28,PASS,0.1678,675.68,337.84,4.172,0.73,5.11,207.2,1.0584,1.5453,26.0
G_L18_W20_T08,18.0,20.0,8.0,0.168,0.233,0.183,63.79,83.35,1.074,9158.895,3.962,2.919,0.146,2.16,6411.226,1.408,5.07,PASS,0.1804,651.77,325.88,3.88,0.704,4.928,215.08,1.0584,1.4902,26.02
G_L18_W22_T03,18.0,22.0,3.0,0.15,0.2714,0.2559,60.02,25.87,0.777,334.869,2.525,2.206,0.11,2.16,234.409,1.946,6.37,PASS,0.1166,900.9,450.45,6.003,0.973,6.811,162.54,1.0584,2.0596,26.04
G_L18_W22_T04,18.0,22.0,4.0,0.156,0.2511,0.2302,60.3,34.85,0.885,941.795,2.974,2.412,0.121,2.16,659.256,1.709,5.97,PASS,0.1381,790.96,395.48,5.069,0.8545,5.982,177.72,1.0584,1.8088,25.99
G_L18_W22_T05,18.0,22.0,5.0,0.162,0.2413,0.214,60.78,45.55,0.956,1876.086,3.273,2.581,0.129,2.16,1313.26,1.581,5.71,PASS,0.1549,732.22,366.11,4.519,0.7905,5.534,190.18,1.0584,1.6733,26.02
G_L18_W22_T06,18.0,22.0,6.0,0.168,0.2358,0.2019,61.55,56.48,1.009,3364.416,3.527,2.725,0.136,2.16,2355.091,1.499,5.48,PASS,0.1695,693.76,346.88,4.13,0.7495,5.246,200.79,1.0584,1.5865,26.04
G_L18_W22_T07,18.0,22.0,7.0,0.174,0.2331,0.1914,62.61,69.62,1.05,5800.941,3.763,2.842,0.142,2.16,4060.659,1.44,5.26,PASS,0.1827,666.67,333.34,3.831,0.72,5.04,209.41,1.0584,1.5241,26.03
G_L18_W22_T08,18.0,22.0,8.0,0.18,0.232,0.1812,63.94,84.69,1.088,9991.566,4.0,2.949,0.147,2.16,6994.096,1.39,5.04,PASS,0.1958,643.38,321.69,3.575,0.695,4.865,217.29,1.0584,1.4712,26.05
G_L18_W25_T03,18.0,25.0,3.0,0.168,0.2709,0.255,60.03,26.61,0.789,345.879,2.539,2.24,0.112,2.16,242.115,1.915,6.36,PASS,0.1326,887.2,443.6,5.279,0.9575,6.703,165.05,1.0584,2.0268,26.02
G_L18_W25_T04,18.0,25.0,4.0,0.174,0.2501,0.229,60.31,35.16,0.897,982.531,2.992,2.439,0.122,2.16,687.772,1.686,5.96,PASS,0.1561,780.38,390.19,4.484,0.843,5.901,179.71,1.0584,1.7845,26.02
G_L18_W25_T05,18.0,25.0,5.0,0.18,0.2397,0.2126,60.81,45.15,0.967,1985.812,3.298,2.603,0.13,2.16,1390.068,1.564,5.69,PASS,0.1741,723.89,361.94,4.021,0.782,5.474,191.8,1.0584,1.6553,26.03
G_L18_W25_T06,18.0,25.0,6.0,0.186,0.2345,0.2005,61.61,56.59,1.023,3590.373,3.555,2.756,0.138,2.16,2513.261,1.477,5.45,PASS,0.1903,684.26,342.13,3.678,0.7385,5.17,203.07,1.0584,1.5633,26.01
G_L18_W25_T07,18.0,25.0,7.0,0.192,0.2317,0.1896,62.71,70.16,1.065,6305.906,3.8,2.875,0.144,2.16,4414.134,1.419,5.23,PASS,0.2045,657.28,328.64,3.423,0.7095,4.966,211.84,1.0584,1.5019,26.01
G_L18_W25_T08,18.0,25.0,8.0,0.198,0.2304,0.1788,64.16,86.1,1.104,11138.016,4.047,2.984,0.149,2.16,7796.611,1.37,5.0,PASS,0.2186,634.06,317.03,3.202,0.685,4.795,219.87,1.0584,1.45,26.03
G_L18_W30_T03,18.0,30.0,3.0,0.198,0.2702,0.2538,60.02,27.24,0.802,360.607,2.557,2.268,0.113,2.16,252.425,1.885,6.35,PASS,0.1588,872.82,436.41,4.408,0.9425,6.598,167.11,1.0584,1.9951,26.05
G_L18_W30_T04,18.0,30.0,4.0,0.204,0.2493,0.2276,60.32,36.21,0.914,1030.926,3.013,2.477,0.124,2.16,721.648,1.653,5.95,PASS,0.1865,765.86,382.93,3.753,0.8265,5.786,182.51,1.0584,1.7495,26.01
G_L18_W30_T05,18.0,30.0,5.0,0.21,0.239,0.2113,60.83,46.05,0.989,2102.216,3.323,2.649,0.132,2.16,1471.551,1.529,5.67,PASS,0.2077,707.79,353.9,3.37,0.7645,5.352,195.19,1.0584,1.6183,26.05
G_L18_W30_T06,18.0,30.0,6.0,0.216,0.2334,0.1986,61.66,57.92,1.045,3877.409,3.589,2.804,0.14,2.16,2714.186,1.447,5.43,PASS,0.2257,669.86,334.93,3.101,0.7235,5.065,206.61,1.0584,1.5315,26.03
G_L18_W30_T07,18.0,30.0,7.0,0.222,0.2305,0.1871,62.84,72.29,1.088,6950.503,3.842,2.923,0.146,2.16,4865.352,1.39,5.19,PASS,0.2415,643.38,321.69,2.899,0.695,4.865,215.37,1.0584,1.4712,26.03
G_L18_W30_T08,18.0,30.0,8.0,0.228,0.2292,0.1757,64.38,89.12,1.128,12621.302,4.101,3.035,0.152,2.16,8834.911,1.341,4.95,PASS,0.2572,620.57,310.29,2.722,0.6705,4.694,223.63,1.0584,1.4193,26.01
G_L20_W15_T03,20.0,15.0,3.0,0.108,0.2746,0.2583,59.95,27.2,0.725,272.698,2.436,2.092,0.105,2.4,190.889,2.316,6.42,PASS,0.0783,965.52,482.76,8.94,1.158,8.106,138.73,1.176,2.7236,25.99
G_L20_W15_T04,20.0,15.0,4.0,0.114,0.2543,0.233,60.1,35.43,0.82,729.459,2.863,2.267,0.113,2.4,510.621,2.05,6.05,PASS,0.0935,853.66,426.83,7.487,1.025,7.175,150.34,1.176,2.4108,26.05
G_L20_W15_T05,20.0,15.0,5.0,0.12,0.2446,0.2181,60.36,44.11,0.882,1348.729,3.13,2.419,0.121,2.4,944.111,1.905,5.82,PASS,0.1058,793.65,396.82,6.616,0.9525,6.668,160.41,1.176,2.2403,26.02
G_L20_W15_T06,20.0,15.0,6.0,0.126,0.2395,0.2075,60.77,53.21,0.928,2165.641,3.336,2.546,0.127,2.4,1515.949,1.81,5.63,PASS,0.1169,754.31,377.16,5.988,0.905,6.335,168.84,1.176,2.1286,26.04
G_L20_W15_T07,20.0,15.0,7.0,0.132,0.2369,0.1993,61.32,62.57,0.966,3250.285,3.512,2.656,0.133,2.4,2275.199,1.739,5.47,PASS,0.1275,724.64,362.32,5.49,0.8695,6.086,176.13,1.176,2.0451,26.01
G_L20_W15_T08,20.0,15.0,8.0,0.138,0.2357,0.1917,62.03,73.46,1.0,4789.755,3.68,2.754,0.138,2.4,3352.829,1.68,5.32,PASS,0.138,700.0,350.0,5.072,0.84,5.88,182.63,1.176,1.9757,26.0
G_L20_W18_T03,20.0,18.0,3.0,0.126,0.274,0.2565,59.94,29.32,0.75,290.265,2.463,2.159,0.108,2.4,203.186,2.241,6.41,PASS,0.0945,933.33,466.66,7.407,1.1205,7.844,143.17,1.176,2.6354,26.02
G_L20_W18_T04,20.0,18.0,4.0,0.132,0.2526,0.231,60.1,36.0,0.843,791.897,2.899,2.322,0.116,2.4,554.328,1.992,6.03,PASS,0.1113,830.37,415.18,6.289,0.996,6.972,153.98,1.176,2.3426,26.03
G_L20_W18_T05,20.0,18.0,5.0,0.138,0.2427,0.2155,60.41,45.33,0.907,1487.698,3.173,2.477,0.124,2.4,1041.388,1.852,5.79,PASS,0.1252,771.78,385.89,5.591,0.926,6.482,164.26,1.176,2.178,26.01
G_L20_W18_T06,20.0,18.0,6.0,0.144,0.2375,0.2046,60.85,54.9,0.956,2440.716,3.388,2.61,0.131,2.4,1708.501,1.758,5.59,PASS,0.1377,732.22,366.11,5.084,0.879,6.153,173.08,1.176,2.0674,25.99
G_L20_W18_T07,20.0,18.0,7.0,0.15,0.2349,0.1957,61.49,65.38,0.993,3775.245,3.577,2.72,0.136,2.4,2642.672,1.692,5.42,PASS,0.149,704.93,352.46,4.698,0.846,5.922,180.38,1.176,1.9898,26.02
G_L20_W18_T08,20.0,18.0,8.0,0.156,0.2339,0.1876,62.33,77.18,1.028,5793.975,3.763,2.822,0.141,2.4,4055.782,1.633,5.25,PASS,0.1604,680.93,340.46,4.364,0.8165,5.716,187.14,1.176,1.9204,26.03
G_L20_W20_T03,20.0,20.0,3.0,0.138,0.2728,0.2554,59.95,28.99,0.756,301.508,2.479,2.166,0.108,2.4,211.056,2.221,6.4,PASS,0.1043,925.93,462.96,6.711,1.1105,7.774,143.64,1.176,2.6119,26.04
G_L20_W20_T04,20.0,20.0,4.0,0.144,0.2522,0.2302,60.11,36.71,0.858,823.158,2.915,2.355,0.118,2.4,576.211,1.958,6.02,PASS,0.1236,815.85,407.92,5.663,0.979,6.853,156.17,1.176,2.3026,26.0
G_L20_W20_T05,20.0,20.0,5.0,0.15,0.242,0.2143,60.41,46.17,0.923,1559.399,3.193,2.513,0.126,2.4,1091.579,1.821,5.77,PASS,0.1384,758.4,379.2,5.058,0.9105,6.374,166.65,1.176,2.1415,26.0
G_L20_W20_T06,20.0,20.0,6.0,0.156,0.2366,0.2032,60.9,55.73,0.971,2595.271,3.414,2.646,0.132,2.4,1816.69,1.731,5.57,PASS,0.1515,720.91,360.46,4.62,0.8655,6.058,175.47,1.176,2.0357,26.04
G_L20_W20_T07,20.0,20.0,7.0,0.162,0.2339,0.1939,61.58,66.68,1.009,4085.558,3.611,2.759,0.138,2.4,2859.89,1.665,5.39,PASS,0.1635,693.76,346.88,4.281,0.8325,5.828,182.96,1.176,1.958,26.02
G_L20_W20_T08,20.0,20.0,8.0,0.168,0.2329,0.1853,62.51,79.43,1.046,6419.178,3.807,2.863,0.143,2.4,4493.425,1.607,5.21,PASS,0.1757,669.22,334.61,3.984,0.8035,5.624,189.86,1.176,1.8898,26.03
G_L20_W22_T03,20.0,22.0,3.0,0.15,0.272,0.2545,59.94,29.13,0.764,311.554,2.494,2.183,0.109,2.4,218.088,2.2,6.39,PASS,0.1146,916.23,458.12,6.108,1.1,7.7,144.76,1.176,2.5872,26.03
G_L20_W22_T04,20.0,22.0,4.0,0.156,0.2512,0.2291,60.12,36.76,0.866,852.489,2.931,2.374,0.119,2.4,596.742,1.939,6.01,PASS,0.1351,808.31,404.16,5.181,0.9695,6.786,157.43,1.176,2.2803,26.0
G_L20_W22_T05,20.0,22.0,5.0,0.162,0.2413,0.2133,60.43,46.58,0.935,1621.962,3.21,2.538,0.127,2.4,1135.373,1.797,5.76,PASS,0.1515,748.66,374.33,4.62,0.8985,6.289,168.31,1.176,2.1133,26.01
G_L20_W22_T06,20.0,22.0,6.0,0.168,0.2359,0.2021,60.93,56.25,0.983,2720.175,3.435,2.671,0.134,2.4,1904.123,1.709,5.56,PASS,0.1651,712.11,356.06,4.24,0.8545,5.982,177.13,1.176,2.0098,25.99
G_L20_W22_T07,20.0,22.0,7.0,0.174,0.2332,0.1926,61.64,67.54,1.022,4328.63,3.636,2.786,0.139,2.4,3030.041,1.644,5.37,PASS,0.1778,684.93,342.46,3.937,0.822,5.754,184.75,1.176,1.9333,26.04
G_L20_W22_T08,20.0,22.0,8.0,0.18,0.232,0.1836,62.61,80.68,1.058,6911.919,3.84,2.889,0.144,2.4,4838.344,1.587,5.19,PASS,0.1904,661.63,330.82,3.676,0.7935,5.554,191.58,1.176,1.8663,26.05
G_L20_W25_T03,20.0,25.0,3.0,0.168,0.2715,0.2536,59.94,29.76,0.775,321.686,2.507,2.21,0.111,2.4,225.18,2.168,6.38,PASS,0.1302,903.23,451.62,5.376,1.084,7.588,146.56,1.176,2.5496,25.98
G_L20_W25_T04,20.0,25.0,4.0,0.174,0.2503,0.2279,60.11,37.36,0.878,888.452,2.949,2.398,0.12,2.4,621.916,1.913,5.99,PASS,0.1528,797.27,398.64,4.581,0.9565,6.696,159.02,1.176,2.2497,26.01
G_L20_W25_T05,20.0,25.0,5.0,0.18,0.2398,0.2121,60.44,46.23,0.945,1710.51,3.233,2.557,0.128,2.4,1197.357,1.779,5.74,PASS,0.1701,740.74,370.37,4.115,0.8895,6.226,169.57,1.176,2.0921,26.01
G_L20_W25_T06,20.0,25.0,6.0,0.186,0.2346,0.2008,60.96,56.29,0.997,2889.811,3.461,2.7,0.135,2.4,2022.868,1.685,5.54,PASS,0.1854,702.11,351.06,3.776,0.8425,5.898,179.05,1.176,1.9816,26.02
G_L20_W25_T07,20.0,25.0,7.0,0.192,0.2317,0.191,61.72,67.84,1.036,4673.494,3.67,2.816,0.141,2.4,3271.445,1.621,5.35,PASS,0.1989,675.68,337.84,3.519,0.8105,5.674,186.74,1.176,1.9063,26.01
G_L20_W25_T08,20.0,25.0,8.0,0.198,0.2306,0.1816,62.77,81.61,1.073,7623.78,3.882,2.92,0.146,2.4,5336.646,1.565,5.15,PASS,0.2125,652.38,326.19,3.294,0.7825,5.478,193.64,1.176,1.8404,26.02
G_L20_W30_T03,20.0,30.0,3.0,0.198,0.2707,0.2526,59.94,30.18,0.788,335.24,2.525,2.241,0.112,2.4,234.668,2.133,6.37,PASS,0.156,888.32,444.16,4.487,1.0665,7.466,148.61,1.176,2.5084,26.02
G_L20_W30_T04,20.0,30.0,4.0,0.204,0.2495,0.2265,60.12,38.3,0.895,931.046,2.969,2.436,0.122,2.4,651.732,1.876,5.98,PASS,0.1826,782.12,391.06,3.834,0.938,6.566,161.54,1.176,2.2062,26.01
G_L20_W30_T05,20.0,30.0,5.0,0.21,0.2391,0.2108,60.45,47.09,0.966,1805.605,3.257,2.605,0.13,2.4,1263.923,1.739,5.73,PASS,0.2029,724.64,362.32,3.45,0.8695,6.086,172.75,1.176,2.0451,26.04
G_L20_W30_T06,20.0,30.0,6.0,0.216,0.2335,0.1991,61.0,57.3,1.018,3101.471,3.492,2.746,0.137,2.4,2171.03,1.651,5.52,PASS,0.2199,687.62,343.81,3.183,0.8255,5.778,182.1,1.176,1.9416,26.04
G_L20_W30_T07,20.0,30.0,7.0,0.222,0.2305,0.189,61.8,69.29,1.059,5101.209,3.708,2.864,0.143,2.4,3570.846,1.586,5.32,PASS,0.2351,661.0,330.5,2.977,0.793,5.551,189.92,1.176,1.8651,26.03
G_L20_W30_T08,20.0,30.0,8.0,0.228,0.2293,0.1791,62.92,83.69,1.097,8525.868,3.931,2.971,0.149,2.4,5968.108,1.531,5.11,PASS,0.2501,638.1,319.05,2.799,0.7655,5.358,197.02,1.176,1.8005,25.99
