RunID,Lg_nm,Wns_nm,Tns_nm,Application,Weff_um,Vth_lin_V_pred,Vth_lin_V_std,Vth_sat_V_pred,Vth_sat_V_std,SS_mVdec_pred,SS_mVdec_std,DIBL_mV_V_pred,DIBL_mV_V_std,Ion_mA_um_pred,Ion_mA_um_std,logIoff_pred,logIoff_std,gm_max_mS_um_pred,gm_max_mS_um_std,gds_mS_um_pred,gds_mS_um_std,Cgg_fF_um_pred,Cgg_fF_um_std,tau_int_ps_pred,tau_int_ps_std,logIonIoff_pred,logIonIoff_std
V_L11_W16p5_T3p5,11.0,16.5,3.5,Ultra-Fast IoT,0.12,0.258,0.0003,0.2464,0.0003,62.6704,0.1084,19.3523,0.5818,0.8505,0.0016,3.116,0.0074,2.3124,0.0044,0.1155,0.0004,1.32,0.0013,1.0869,0.0025,5.8133,0.0079
V_L11_W23p5_T4p5,11.0,23.5,4.5,High-Performance Compute,0.168,0.2386,0.0003,0.2156,0.0003,64.8774,0.1051,38.3179,0.5603,0.9898,0.0015,3.7628,0.0071,2.6098,0.0042,0.1304,0.0004,1.32,0.0013,0.9327,0.0023,5.2329,0.0075
V_L13_W21p0_T4p0,13.0,21.0,4.0,Balanced Logic Core,0.15,0.2477,0.0002,0.2316,0.0002,61.8668,0.081,27.0213,0.4638,0.9152,0.0014,3.2174,0.0056,2.45,0.0039,0.1224,0.0003,1.56,0.0013,1.193,0.0021,5.7437,0.0062
V_L13_W28p0_T5p0,13.0,28.0,5.0,High-Drive Standard Cell,0.198,0.2344,0.0003,0.2084,0.0003,63.6506,0.0823,43.0068,0.494,1.0244,0.0015,3.7022,0.0058,2.6996,0.0041,0.1351,0.0004,1.56,0.0013,1.0665,0.0023,5.3079,0.0064
V_L15_W17p0_T4p2,15.0,17.0,4.2,Low-Power Logic,0.1272,0.2484,0.0003,0.2296,0.0002,61.0525,0.0778,31.2381,0.4561,0.8898,0.0014,3.1217,0.0055,2.4039,0.0039,0.12,0.0004,1.8,0.0013,1.4149,0.0022,5.8275,0.006
V_L15_W26p0_T6p0,15.0,26.0,6.0,Mixed-Signal / Analog Driver,0.192,0.2312,0.0002,0.1967,0.0002,63.4442,0.0782,57.2478,0.4692,1.055,0.0014,3.8109,0.0056,2.8054,0.004,0.1404,0.0004,1.8,0.0013,1.1938,0.0023,5.2104,0.0061
V_L17_W19p0_T3p8,17.0,19.0,3.8,Ultra-Low Leakage Core,0.1368,0.2551,0.0003,0.2361,0.0003,60.3816,0.0815,31.9596,0.4673,0.8592,0.0014,2.9047,0.0057,2.3559,0.004,0.1178,0.0004,2.04,0.0013,1.6622,0.0022,6.0283,0.0063
V_L17_W27p0_T5p5,17.0,27.0,5.5,Mid-Frequency Buffer,0.195,0.2356,0.0003,0.205,0.0003,61.681,0.0822,50.7766,0.492,1.0171,0.0015,3.5075,0.0058,2.7208,0.0041,0.1361,0.0004,2.04,0.0013,1.4048,0.0024,5.5,0.0064
V_L19_W21p5_T3p2,19.0,21.5,3.2,Low-Power SRAM Bitcell,0.1482,0.2668,0.0003,0.2494,0.0003,59.9771,0.1074,28.7134,0.5708,0.794,0.0015,2.6076,0.0073,2.2364,0.0043,0.1119,0.0004,2.28,0.0013,2.0114,0.0024,6.2933,0.0077
V_L19_W29p0_T4p8,19.0,29.0,4.8,Always-On Sensor Interface,0.2028,0.2407,0.0003,0.2142,0.0003,60.441,0.1072,44.0383,0.5834,0.9606,0.0016,3.2243,0.0073,2.5873,0.0044,0.1292,0.0004,2.28,0.0013,1.6607,0.0024,5.7568,0.0077
