RunID,Lg_nm,Wns_nm,Tns_nm,Weff_um,Vth_lin_TCAD,Ion_TCAD,SS_TCAD,DIBL_TCAD,Vth_lin_PRED,Ion_PRED,SS_PRED,DIBL_PRED,Vth_Error_pct,Ion_Error_pct,SS_Error_pct,DIBL_Error_pct
V_L11_W16p5_T3p5,11.0,16.5,3.5,0.12,0.2564,0.851,62.63,17.15,0.258,0.8505,62.6704,19.3523,0.6240249609984362,0.05875440658048706,0.06450582787801087,12.841399416909628
V_L11_W23p5_T4p5,11.0,23.5,4.5,0.168,0.2374,0.984,64.96,36.66,0.2386,0.9898,64.8774,38.3179,0.5054759898904829,0.5894308943089459,0.1271551724137921,4.522367703218781
V_L13_W21p0_T4p0,13.0,21.0,4.0,0.15,0.2473,0.911,61.95,27.23,0.2477,0.9152,61.8668,27.0213,0.1617468661544729,0.46103183315038215,0.13430185633576278,0.7664340800587599
V_L13_W28p0_T5p0,13.0,28.0,5.0,0.198,0.2343,1.026,63.85,45.4,0.2344,1.0244,63.6506,43.0068,0.042680324370460515,0.1559454191033183,0.3122944400939769,5.27136563876652
V_L15_W17p0_T4p2,15.0,17.0,4.2,0.1272,0.2475,0.889,61.08,29.67,0.2484,0.8898,61.0525,31.2381,0.3636363636363685,0.08998875140607682,0.04502292075965342,5.285136501516676
V_L15_W26p0_T6p0,15.0,26.0,6.0,0.192,0.2304,1.056,63.58,57.66,0.2312,1.055,63.4442,57.2478,0.3472222222222201,0.0946969696969803,0.2135891789870968,0.71488033298647
V_L17_W19p0_T3p8,17.0,19.0,3.8,0.1368,0.2549,0.859,60.37,31.96,0.2551,0.8592,60.3816,31.9596,0.07846214201646841,0.02328288707799511,0.019214841808847753,0.001251564455577661
V_L19_W21p5_T3p2,19.0,21.5,3.2,0.1482,0.267,0.8,60.01,29.31,0.2668,0.794,59.9771,28.7134,0.07490636704121104,0.7500000000000007,0.054824195967335336,2.0354827703855296
V_L17_W27p0_T5p5,17.0,27.0,5.5,0.195,0.2352,1.019,61.68,51.6,0.2356,1.0171,61.681,50.7766,0.17006802721088923,0.18645731108930452,0.0016212710765202165,1.5957364341085258
V_L19_W29p0_T4p8,19.0,29.0,4.8,0.2028,0.2406,0.959,60.49,44.24,0.2407,0.9606,60.441,44.0383,0.04156275976724397,0.16684045881126652,0.08100512481401799,0.45592224231465284
