RunID,Lg_nm,Wns_nm,Tns_nm,Weff_um,Vth_lin_V,Vth_sat_V,SS_mVdec,DIBL_mV_V,Ion_mA_um,logIoff,gm_max_mS_um,gds_mS_um,Cgg_fF_um,tau_int_ps,logIonIoff,Ioff_pA_um,Pleak_pW_um,Ion_total_mA,model_source,Ron_Ohm_um,Reff_Ohm_um,Ron_cell_kOhm,tau_RC_ps,tau_FO4_ps,fT_GHz,PDP_fJ_um,EDP_fJ_ps_um,Av_gain_dB
SYNTH_04743,11.27,28.11,4.44,0.1953,0.2382,0.2158,64.4584,37.207,1.001,3.7155,2.6342,0.1316,1.3524,0.9451,5.2851,5193.977,3635.784,0.1955,GP_Surrogate_Calibrated_216_TCAD,699.3,349.65,3.581,0.4726,3.308,310.0,0.6627,0.6263,26.03
SYNTH_00440,11.36,23.49,3.55,0.1622,0.2544,0.2414,62.4933,21.4413,0.8924,3.1701,2.4043,0.1201,1.3632,1.0699,5.7809,1479.449,1035.614,0.1447,GP_Surrogate_Calibrated_216_TCAD,784.4,392.2,4.838,0.535,3.745,280.7,0.668,0.7147,26.03
SYNTH_06253,11.78,24.92,7.15,0.1924,0.2237,0.1579,73.0087,109.3556,1.1584,4.9202,3.0402,0.1522,1.4136,0.8543,4.1393,83214.69,58250.283,0.2229,GP_Surrogate_Calibrated_216_TCAD,604.28,302.14,3.14,0.4272,2.99,342.29,0.6927,0.5918,26.01
SYNTH_01732,13.78,24.16,6.59,0.1845,0.2285,0.1856,66.0206,71.4426,1.0884,4.1591,2.8906,0.1447,1.6536,1.0635,4.8766,14424.474,10097.132,0.2008,GP_Surrogate_Calibrated_216_TCAD,643.15,321.58,3.486,0.5317,3.722,278.21,0.8103,0.8618,26.01
SYNTH_06364,14.1,15.52,6.79,0.1339,0.2332,0.1935,65.101,66.0361,1.0255,3.9851,2.7587,0.1381,1.692,1.154,5.0257,9662.733,6763.913,0.1373,GP_Surrogate_Calibrated_216_TCAD,682.59,341.3,5.098,0.577,4.039,259.49,0.8291,0.9568,26.01
SYNTH_04685,14.24,19.89,3.34,0.1394,0.2615,0.2487,60.6768,21.2584,0.8312,2.8061,2.2877,0.1144,1.7088,1.4404,6.1119,639.882,447.917,0.1159,GP_Surrogate_Calibrated_216_TCAD,842.16,421.08,6.04,0.7202,5.041,213.07,0.8373,1.206,26.02
SYNTH_06341,17.27,16.82,5.2,0.1321,0.2417,0.2146,61.115,45.0939,0.9375,3.3063,2.5438,0.1271,2.0724,1.5477,5.6665,2024.417,1417.092,0.1238,GP_Surrogate_Calibrated_216_TCAD,746.67,373.34,5.654,0.7738,5.417,195.36,1.0155,1.5717,26.03
SYNTH_00577,18.69,15.49,3.41,0.1134,0.2643,0.247,60.045,28.5397,0.7836,2.6605,2.2013,0.11,2.2428,2.0053,6.2325,457.615,320.33,0.0889,GP_Surrogate_Calibrated_216_TCAD,893.31,446.66,7.874,1.0026,7.019,156.21,1.099,2.2038,26.03
SYNTH_05203,18.78,23.06,7.09,0.1809,0.2328,0.1911,62.1533,69.571,1.0471,3.7261,2.844,0.1422,2.2536,1.5059,5.2945,5322.308,3725.616,0.1894,GP_Surrogate_Calibrated_216_TCAD,668.51,334.26,3.696,0.753,5.271,200.85,1.1043,1.663,26.02
SYNTH_04522,19.18,27.98,4.94,0.1975,0.2399,0.2125,60.4702,45.2314,0.9631,3.2504,2.5967,0.1298,2.3016,1.6725,5.7319,1779.918,1245.943,0.1902,GP_Surrogate_Calibrated_216_TCAD,726.82,363.41,3.68,0.8362,5.854,179.56,1.1278,1.8862,26.02
