RunID,Lg_nm,Wns_nm,Tns_nm,Weff_um,Vth_lin_TCAD,Vth_lin_PRED,Vth_Error_pct,Ion_TCAD,Ion_PRED,Ion_Error_pct,SS_TCAD,SS_PRED,SS_Error_pct,DIBL_TCAD,DIBL_PRED,DIBL_Error_pct
SYNTH_09798,10.02,16.74,5.03,0.1306,0.2357,0.2354,0.13,0.983,0.9868,0.39,67.49,67.44,0.08,51.01,50.74,0.53
SYNTH_00585,10.24,19.54,3.38,0.1375,0.2573,0.2583,0.39,0.857,0.8561,0.11,63.06,63.21,0.23,15.55,17.36,11.66
SYNTH_02030,10.3,24.16,5.68,0.179,0.228,0.2277,0.13,1.078,1.0837,0.53,69.81,69.74,0.1,71.95,74.22,3.16
SYNTH_02202,10.55,23.86,3.04,0.1614,0.2641,0.2658,0.64,0.819,0.8287,1.18,62.22,62.26,0.07,10.9,13.38,22.73
SYNTH_06075,10.6,19.98,7.14,0.1627,0.224,0.2245,0.22,1.12,1.1406,1.84,75.67,76.06,0.51,116.37,121.45,4.36
SYNTH_07881,10.67,20.41,7.6,0.1681,0.2235,0.2234,0.04,1.158,1.1671,0.79,78.42,78.84,0.54,134.8,140.6,4.31
SYNTH_00771,10.88,20.13,3.31,0.1406,0.2584,0.2606,0.85,0.849,0.8507,0.2,62.41,62.48,0.11,14.33,17.41,21.46
SYNTH_04557,11.03,18.95,4.15,0.1386,0.2433,0.2451,0.74,0.926,0.9336,0.82,64.0,63.96,0.07,27.88,30.11,8.01
SYNTH_04565,11.07,24.99,4.77,0.1786,0.2339,0.2353,0.6,1.01,1.0179,0.78,65.57,65.5,0.11,42.1,44.28,5.18
SYNTH_07452,11.17,18.91,6.33,0.1514,0.2272,0.2284,0.53,1.069,1.0824,1.25,70.3,70.22,0.11,81.19,82.74,1.91
SYNTH_02600,11.23,27.29,7.61,0.2094,0.22,0.2207,0.32,1.192,1.2039,1.0,77.58,77.81,0.3,138.3,140.16,1.34
SYNTH_03231,11.25,24.19,7.52,0.1903,0.2218,0.2223,0.23,1.17,1.1828,1.09,76.59,76.81,0.29,130.78,132.56,1.36
SYNTH_04743,11.27,28.11,4.44,0.1953,0.2366,0.2382,0.6762468300929798,0.99,1.001,1.111111111111101,64.59,64.4584,0.2037467100170397,35.58,37.207,4.572793704328281
SYNTH_00440,11.36,23.49,3.55,0.1622,0.2521,0.2544,0.9123363744545911,0.888,0.8924,0.4954954954954909,62.51,62.4933,0.0267157254839228,18.91,21.4413,13.386039132733991
SYNTH_09602,11.63,22.81,3.71,0.1591,0.2507,0.2516,0.36,0.907,0.9064,0.07,62.47,62.51,0.07,22.75,23.57,3.59
SYNTH_05651,11.73,27.06,3.12,0.1811,0.2634,0.2642,0.3,0.85,0.8466,0.4,61.51,61.53,0.04,16.37,16.86,2.96
SYNTH_06253,11.78,24.92,7.15,0.1924,0.2234,0.2237,0.1342882721575749,1.154,1.1584,0.3812824956672601,72.87,73.0087,0.1903389597914094,108.22,109.3556,1.0493439290334472
SYNTH_05640,11.83,25.3,5.38,0.1841,0.2306,0.2311,0.22,1.055,1.0556,0.06,66.11,66.13,0.03,54.44,55.09,1.2
SYNTH_03587,11.94,27.21,7.93,0.2108,0.2216,0.2216,0.0,1.207,1.2064,0.05,76.83,76.86,0.04,139.54,139.14,0.29
SYNTH_00259,11.97,29.63,7.73,0.2242,0.2213,0.2211,0.09,1.211,1.2089,0.17,75.78,75.78,0.01,133.4,133.17,0.18
SYNTH_04484,12.05,29.04,6.03,0.2104,0.2266,0.2265,0.04,1.111,1.1098,0.11,67.96,67.93,0.04,72.72,71.99,1.01
SYNTH_08281,12.06,17.5,5.82,0.1399,0.2325,0.2326,0.04,1.03,1.0279,0.2,66.6,66.58,0.03,60.12,59.43,1.14
SYNTH_05043,12.14,26.71,3.83,0.1832,0.2482,0.2484,0.08,0.934,0.9294,0.49,62.32,62.29,0.05,25.87,25.42,1.75
SYNTH_02988,12.16,27.0,6.93,0.2036,0.2236,0.224,0.18,1.15,1.1492,0.07,71.15,71.02,0.18,99.24,97.38,1.88
SYNTH_04394,12.16,26.41,5.6,0.1921,0.2295,0.2297,0.09,1.074,1.0697,0.4,66.35,66.28,0.1,59.73,58.82,1.53
SYNTH_09735,12.32,26.42,7.5,0.2035,0.2227,0.2234,0.31,1.175,1.1724,0.22,73.39,73.04,0.47,117.74,114.31,2.91
SYNTH_02934,12.36,27.14,7.84,0.2099,0.222,0.2226,0.27,1.197,1.1918,0.43,75.12,74.64,0.63,131.32,126.82,3.43
SYNTH_05316,12.54,25.02,5.34,0.1822,0.2319,0.2323,0.17,1.046,1.0418,0.4,65.07,64.96,0.18,51.89,50.65,2.39
SYNTH_06997,12.57,28.0,5.05,0.1983,0.2339,0.2336,0.13,1.039,1.0337,0.51,64.37,64.29,0.12,47.51,45.19,4.87
SYNTH_06429,12.78,23.51,4.38,0.1673,0.2415,0.2415,0.0,0.963,0.9629,0.01,62.76,62.65,0.18,33.55,32.54,3.02
SYNTH_09252,12.92,17.55,7.56,0.1507,0.2282,0.229,0.35,1.108,1.0986,0.85,70.74,69.92,1.15,101.69,94.98,6.59
SYNTH_03612,13.0,19.58,5.55,0.1508,0.2335,0.2339,0.17,1.021,1.0171,0.38,64.88,64.58,0.46,53.62,51.03,4.83
SYNTH_04618,13.0,26.2,4.95,0.1869,0.235,0.2353,0.13,1.015,1.0141,0.09,63.72,63.52,0.32,43.58,41.82,4.04
SYNTH_00122,13.03,22.88,5.18,0.1684,0.2343,0.2347,0.17,1.015,1.0152,0.02,64.12,63.88,0.37,47.78,45.51,4.76
SYNTH_08589,13.08,26.19,7.18,0.2002,0.2246,0.2255,0.4,1.148,1.1386,0.82,70.26,69.39,1.24,101.37,92.92,8.34
SYNTH_06435,13.12,15.64,3.76,0.1164,0.2536,0.2543,0.28,0.855,0.8539,0.13,61.52,61.41,0.18,22.69,22.83,0.62
SYNTH_08572,13.25,19.07,6.07,0.1508,0.2312,0.232,0.35,1.037,1.0377,0.07,65.75,65.32,0.65,64.21,59.93,6.66
SYNTH_06979,13.31,20.4,4.76,0.151,0.2386,0.2393,0.29,0.969,0.9695,0.05,62.99,62.75,0.38,38.92,37.48,3.69
SYNTH_02818,13.47,28.65,3.96,0.1957,0.245,0.2464,0.57,0.925,0.9363,1.22,61.72,61.59,0.2,27.02,27.27,0.94
SYNTH_00533,13.5,19.04,6.04,0.1505,0.2334,0.2324,0.43,1.035,1.0323,0.26,64.85,64.87,0.02,60.22,58.28,3.22
SYNTH_04323,13.5,18.68,3.75,0.1346,0.2535,0.2531,0.16,0.873,0.8733,0.03,61.28,61.27,0.02,25.04,24.13,3.63
SYNTH_01761,13.72,16.74,5.43,0.133,0.237,0.2369,0.04,0.976,0.9763,0.03,63.32,63.28,0.06,46.31,45.2,2.39
SYNTH_08145,13.85,16.79,4.1,0.1253,0.2485,0.2487,0.08,0.887,0.8876,0.07,61.43,61.43,0.01,27.5,27.84,1.23
SYNTH_08605,13.87,21.39,3.63,0.1501,0.2541,0.2544,0.12,0.873,0.8728,0.02,61.02,61.03,0.02,23.38,23.58,0.86
SYNTH_06364,14.1,15.52,6.79,0.1339,0.2333,0.2332,0.0428632661808901,1.025,1.0255,0.0487804878048943,65.11,65.101,0.0138227614805718,66.56,66.0361,0.7871093749999964
SYNTH_03386,14.18,29.14,7.3,0.2186,0.2257,0.226,0.13,1.139,1.1395,0.04,67.68,67.53,0.23,89.42,88.13,1.45
SYNTH_07905,14.2,19.54,4.81,0.1461,0.2407,0.2402,0.21,0.962,0.9586,0.35,62.08,62.09,0.01,38.33,38.1,0.6
SYNTH_06837,14.23,24.72,3.81,0.1712,0.2503,0.2503,0.0,0.902,0.902,0.0,61.07,61.07,0.0,27.13,26.16,3.59
SYNTH_04685,14.24,19.89,3.34,0.1394,0.2609,0.2615,0.2299731697968529,0.834,0.8312,0.3357314148680951,60.67,60.6768,0.0112081753749766,20.72,21.2584,2.5984555984556126
SYNTH_03150,14.25,26.83,3.13,0.1798,0.2648,0.2646,0.08,0.838,0.8296,1.0,60.53,60.54,0.02,20.56,19.76,3.87
SYNTH_03855,14.37,17.55,3.49,0.1262,0.2593,0.2593,0.0,0.842,0.8333,1.03,60.73,60.73,0.0,23.16,22.72,1.91
SYNTH_07116,14.42,15.01,5.12,0.1208,0.2397,0.2406,0.38,0.932,0.9351,0.33,62.24,62.15,0.14,39.06,39.54,1.22
SYNTH_09790,14.43,19.84,4.93,0.1486,0.2385,0.2394,0.38,0.962,0.9667,0.49,62.14,62.09,0.07,39.05,39.99,2.41
SYNTH_04607,14.46,29.94,4.72,0.208,0.2371,0.2379,0.34,0.992,0.9968,0.48,61.97,61.94,0.05,37.86,38.21,0.92
SYNTH_00050,14.49,20.58,3.36,0.1436,0.2614,0.261,0.15,0.838,0.8354,0.31,60.61,60.63,0.03,23.12,22.06,4.6
SYNTH_00754,14.53,16.92,4.99,0.1315,0.2402,0.2405,0.12,0.945,0.9457,0.07,62.08,62.02,0.09,39.37,39.31,0.16
SYNTH_05711,14.64,23.81,6.04,0.1791,0.2315,0.2314,0.04,1.054,1.0503,0.35,63.82,63.74,0.12,58.67,57.88,1.34
SYNTH_02231,14.77,23.25,7.04,0.1817,0.2286,0.2292,0.26,1.093,1.0929,0.01,65.8,65.68,0.18,77.0,76.74,0.33
SYNTH_01520,14.99,21.82,7.41,0.1754,0.2288,0.2295,0.31,1.098,1.0983,0.03,66.39,66.21,0.26,83.3,83.01,0.35
SYNTH_08529,15.09,18.03,3.35,0.1283,0.262,0.2629,0.34,0.822,0.8178,0.51,60.47,60.48,0.02,22.36,23.38,4.56
SYNTH_07429,15.15,27.42,6.36,0.2027,0.2288,0.2296,0.35,1.079,1.0781,0.08,64.17,64.04,0.21,64.08,63.95,0.2
SYNTH_01244,15.19,27.61,7.53,0.2108,0.2264,0.2272,0.35,1.134,1.132,0.18,66.91,66.72,0.28,89.39,88.18,1.36
SYNTH_01776,15.23,25.89,7.56,0.2007,0.2267,0.2278,0.49,1.125,1.1249,0.01,66.84,66.66,0.27,88.67,87.89,0.88
SYNTH_08273,15.27,24.62,6.51,0.1868,0.229,0.2302,0.52,1.069,1.0721,0.29,64.28,64.14,0.22,65.38,65.85,0.72
SYNTH_06348,15.31,16.45,7.76,0.1453,0.2312,0.2324,0.52,1.061,1.0639,0.27,66.0,65.84,0.24,81.79,81.59,0.24
SYNTH_06546,15.8,25.6,4.56,0.181,0.2418,0.242,0.08,0.961,0.9609,0.01,61.19,61.18,0.02,37.62,37.96,0.91
SYNTH_08570,16.01,17.83,6.49,0.1459,0.2343,0.2343,0.0,1.022,1.0207,0.13,63.21,63.2,0.01,61.77,61.43,0.55
SYNTH_09867,16.04,29.43,6.33,0.2146,0.2301,0.2302,0.04,1.08,1.0797,0.03,63.41,63.4,0.02,63.84,63.87,0.05
SYNTH_00478,16.15,22.73,3.37,0.1566,0.2619,0.2617,0.08,0.846,0.8374,1.02,60.31,60.32,0.02,27.4,26.55,3.09
SYNTH_01245,16.33,22.49,3.63,0.1567,0.2563,0.2565,0.08,0.867,0.8641,0.33,60.41,60.41,0.01,29.56,29.36,0.66
SYNTH_09963,16.4,27.74,3.56,0.1878,0.257,0.2566,0.16,0.886,0.8741,1.34,60.36,60.38,0.04,30.3,29.35,3.12
SYNTH_07695,16.41,16.11,6.58,0.1361,0.2353,0.2355,0.08,1.005,1.005,0.0,62.95,62.92,0.05,61.06,61.24,0.3
SYNTH_06753,16.48,19.71,7.94,0.1659,0.2311,0.2313,0.09,1.092,1.0916,0.04,65.64,65.57,0.11,87.43,87.28,0.17
SYNTH_01251,16.5,21.39,5.95,0.164,0.2345,0.2348,0.13,1.018,1.0191,0.11,62.36,62.35,0.02,55.37,55.6,0.42
SYNTH_07860,16.56,21.48,7.13,0.1717,0.2312,0.2316,0.17,1.07,1.0712,0.11,64.14,64.1,0.06,74.63,74.39,0.32
SYNTH_00541,16.74,27.42,3.48,0.1854,0.2588,0.2586,0.08,0.874,0.8622,1.35,60.28,60.3,0.04,29.81,29.27,1.83
SYNTH_05340,16.82,18.92,7.0,0.1555,0.2332,0.2334,0.09,1.045,1.0436,0.13,63.54,63.46,0.12,70.39,69.81,0.82
SYNTH_09852,16.97,23.13,3.77,0.1614,0.2537,0.2541,0.16,0.877,0.8767,0.03,60.38,60.38,0.01,32.13,31.85,0.86
SYNTH_09329,17.0,24.67,3.34,0.1681,0.2624,0.2624,0.0,0.843,0.8358,0.85,60.19,60.22,0.05,28.79,28.07,2.49
SYNTH_03107,17.0,15.31,4.89,0.1212,0.2442,0.2445,0.12,0.908,0.908,0.0,60.96,60.95,0.02,40.25,40.85,1.49
SYNTH_06152,17.12,18.3,3.95,0.1335,0.252,0.2531,0.44,0.863,0.8669,0.45,60.42,60.43,0.01,32.16,33.36,3.72
SYNTH_05847,17.16,26.72,5.38,0.1926,0.2358,0.2366,0.34,1.008,1.0075,0.05,61.52,61.48,0.07,49.74,49.32,0.84
SYNTH_06341,17.27,16.82,5.2,0.1321,0.2411,0.2417,0.2488593944421357,0.935,0.9375,0.2673796791443793,61.15,61.115,0.057236304170068,45.09,45.0939,0.0086493679307927
SYNTH_00436,17.46,16.43,6.61,0.1382,0.2356,0.2362,0.25,0.997,0.9981,0.11,62.4,62.27,0.21,61.99,61.26,1.18
SYNTH_06675,17.87,19.13,3.86,0.1379,0.2545,0.2543,0.08,0.86,0.8587,0.15,60.26,60.27,0.01,33.89,33.34,1.64
SYNTH_04752,17.88,25.05,4.56,0.1777,0.2435,0.2436,0.04,0.94,0.9416,0.17,60.59,60.59,0.0,40.38,40.63,0.61
SYNTH_02918,17.9,22.62,4.67,0.1637,0.2437,0.2433,0.16,0.939,0.9386,0.04,60.61,60.63,0.03,41.69,41.8,0.26
SYNTH_04825,18.02,28.65,5.94,0.2075,0.234,0.2338,0.09,1.034,1.0351,0.11,61.58,61.58,0.0,56.77,56.49,0.49
SYNTH_03546,18.09,29.52,7.62,0.2228,0.23,0.2297,0.13,1.107,1.1091,0.19,63.67,63.63,0.06,82.15,81.7,0.55
SYNTH_09226,18.16,29.64,6.61,0.2175,0.2313,0.2315,0.09,1.067,1.068,0.09,62.23,62.21,0.03,65.99,65.81,0.28
SYNTH_09895,18.29,18.95,7.17,0.1567,0.2342,0.2344,0.09,1.025,1.0299,0.48,62.39,62.4,0.02,69.17,69.55,0.55
SYNTH_00062,18.37,20.49,5.77,0.1576,0.237,0.2374,0.17,0.981,0.983,0.2,61.17,61.15,0.03,52.63,53.27,1.22
SYNTH_03309,18.43,18.41,4.49,0.1374,0.2464,0.2467,0.12,0.891,0.8964,0.61,60.42,60.39,0.05,38.96,39.34,0.99
SYNTH_03571,18.44,24.39,4.14,0.1712,0.2484,0.2485,0.04,0.901,0.9019,0.1,60.31,60.28,0.06,37.04,36.76,0.76
SYNTH_07767,18.63,25.08,7.33,0.1945,0.231,0.2316,0.26,1.065,1.0683,0.31,62.68,62.59,0.15,73.76,73.55,0.29
SYNTH_00577,18.69,15.49,3.41,0.1134,0.2645,0.2643,0.0756143667296913,0.792,0.7836,1.06060606060607,60.06,60.045,0.0249750249750259,29.59,28.5397,3.549509969584319
SYNTH_05203,18.78,23.06,7.09,0.1809,0.2322,0.2328,0.2583979328165449,1.045,1.0471,0.2009569377990422,62.26,62.1533,0.1713780918727858,69.16,69.571,0.5942741469057279
SYNTH_01943,18.83,24.72,4.49,0.1753,0.2441,0.2444,0.12,0.922,0.9254,0.37,60.38,60.33,0.08,39.87,40.38,1.27
SYNTH_08964,19.03,15.56,4.74,0.1218,0.2459,0.246,0.04,0.881,0.8823,0.15,60.39,60.34,0.08,40.76,40.8,0.09
SYNTH_04212,19.12,15.24,4.05,0.1157,0.2537,0.2533,0.16,0.834,0.8332,0.1,60.19,60.13,0.1,35.38,34.45,2.63
SYNTH_06647,19.61,17.23,4.68,0.1315,0.2457,0.2456,0.04,0.887,0.8878,0.09,60.32,60.28,0.07,41.5,41.55,0.11
SYNTH_08019,19.72,21.85,3.27,0.1507,0.2654,0.2652,0.08,0.806,0.7979,1.0,59.99,59.97,0.04,31.65,30.47,3.73
